"tdcs","neurocaps_mcr","neurocaps_ocr","tacs"
NA,0.476247497769776,0.425987877101187,0.140815135684592
0.476247497769776,NA,0.844426255687567,0.438717866514672
0.425987877101187,0.844426255687567,NA,0.607736063425794
0.140815135684592,0.438717866514672,0.607736063425794,NA
