"tdcs","neurocaps_mcr","neurocaps_ocr","tacs"
NA,0.22141917315427,0.732269880616272,0.0669939100507733
0.22141917315427,NA,0.224565439155064,0.0137852773515839
0.732269880616272,0.224565439155064,NA,0.233768277070691
0.0669939100507733,0.0137852773515839,0.233768277070691,NA
