"tdcs","neurocaps_mcr","neurocaps_ocr","tacs"
NA,0.0270998962863622,0.693935994425173,0.108259462559018
0.0270998962863622,NA,0.116305047377237,0.811103819278649
0.693935994425173,0.116305047377237,NA,0.252324458590133
0.108259462559018,0.811103819278649,0.252324458590133,NA
