"tdcs","neurocaps_mcr","neurocaps_ocr","tacs"
NA,0.862540314395177,0.326642295679125,0.0171118712379513
0.862540314395177,NA,0.458609403257541,0.0329946423799772
0.326642295679125,0.458609403257541,NA,0.0109330413597636
0.0171118712379513,0.0329946423799772,0.0109330413597636,NA
