"tdcs","neurocaps_mcr","neurocaps_ocr","tacs"
NA,0.0530214211972697,0.31261013934849,0.217774977387396
0.0530214211972697,NA,0.430365116468919,0.50116133136056
0.31261013934849,0.430365116468919,NA,0.888215432188933
0.217774977387396,0.50116133136056,0.888215432188933,NA
