"tdcs","neurocaps_mcr","neurocaps_ocr","tacs"
NA,0.753330173517902,0.99276759798584,0.826949531405118
0.753330173517902,NA,0.831797680769208,0.959358726223747
0.99276759798584,0.831797680769208,NA,0.877193166956268
0.826949531405118,0.959358726223747,0.877193166956268,NA
