"tdcs","neurocaps_mcr","neurocaps_ocr","tacs"
NA,0.162459295034244,0.488158787087792,0.0146011250727429
0.162459295034244,NA,0.558226256673366,0.318242446816597
0.488158787087792,0.558226256673366,NA,0.122383232837826
0.0146011250727429,0.318242446816597,0.122383232837826,NA
