"tdcs","neurocaps_mcr","neurocaps_ocr","tacs"
NA,0.939428109313118,0.585368330148913,0.0115847068166689
0.939428109313118,NA,0.665777864091466,0.0285076821484696
0.585368330148913,0.665777864091466,NA,0.117469810079839
0.0115847068166689,0.0285076821484696,0.117469810079839,NA
