"tdcs","neurocaps_mcr","neurocaps_ocr","tacs"
NA,0.474116167454993,0.621674909383566,0.0329523251186853
0.474116167454993,NA,0.328476686231198,0.179961271965165
0.621674909383566,0.328476686231198,NA,0.0360178459559794
0.0329523251186853,0.179961271965165,0.0360178459559794,NA
