"tdcs","neurocaps_mcr","neurocaps_ocr","tacs"
NA,0.24539448365566,0.42058812372531,0.701484110069918
0.24539448365566,NA,0.91066278772491,0.582147368611348
0.42058812372531,0.91066278772491,NA,0.70675612848764
0.701484110069918,0.582147368611348,0.70675612848764,NA
