"tdcs","neurocaps_mcr","neurocaps_ocr","tacs"
NA,0.171361556472275,0.485705527286109,0.267878184019003
0.171361556472275,NA,0.639549980307075,0.92889100547745
0.485705527286109,0.639549980307075,NA,0.729586710696119
0.267878184019003,0.92889100547745,0.729586710696119,NA
