"tdcs","neurocaps_mcr","neurocaps_ocr","tacs"
NA,0.959531604866563,0.979681937548861,0.943698515800367
0.959531604866563,NA,0.982181736857197,0.924006607660514
0.979681937548861,0.982181736857197,NA,0.938137235113709
0.943698515800367,0.924006607660514,0.938137235113709,NA
