"tdcs","neurocaps_mcr","neurocaps_ocr","tacs"
NA,0.874728702172959,0.0003393621241701,0.000285022019251661
0.874728702172959,NA,0.00490661022982727,0.00390358014474979
0.0003393621241701,0.00490661022982727,NA,0.890937841597258
0.000285022019251661,0.00390358014474979,0.890937841597258,NA
