"tdcs","neurocaps_mcr","neurocaps_ocr","tacs"
NA,0.221419172023747,0.73227005181958,0.0669938339451053
0.221419172023747,NA,0.224565657926776,0.0137852586655945
0.73227005181958,0.224565657926776,NA,0.233768385308997
0.0669938339451053,0.0137852586655945,0.233768385308997,NA
