"tdcs","neurocaps_mcr","neurocaps_ocr","tacs"
NA,0.429627027846088,0.0379220573836631,0.0928454146835052
0.429627027846088,NA,0.0138045165747187,0.0324549729753939
0.0379220573836631,0.0138045165747187,NA,0.512670426928872
0.0928454146835052,0.0324549729753939,0.512670426928872,NA
