"tdcs","neurocaps_mcr","neurocaps_ocr","tacs"
NA,0.0112494452382581,0.275189255048186,0.865194278280934
0.0112494452382581,NA,0.156750136989411,0.0143575081289703
0.275189255048186,0.156750136989411,NA,0.262930218650575
0.865194278280934,0.0143575081289703,0.262930218650575,NA
