"tdcs","neurocaps_mcr","neurocaps_ocr","tacs"
NA,0.483749687005064,0.696991116205129,0.0260236196844308
0.483749687005064,NA,0.383157089394035,0.264502877619485
0.696991116205129,0.383157089394035,NA,0.0380891275763301
0.0260236196844308,0.264502877619485,0.0380891275763301,NA
