"tdcs","neurocaps_mcr","neurocaps_ocr","tacs"
NA,0.469378211240019,0.0136717714291406,0.0059916215771641
0.469378211240019,NA,0.168936216836569,0.0579166812498116
0.0136717714291406,0.168936216836569,NA,0.425351385491072
0.0059916215771641,0.0579166812498116,0.425351385491072,NA
