"tdcs","neurocaps_mcr","neurocaps_ocr","tacs"
NA,0.38827221282894,0.338342477279335,0.160704729338935
0.38827221282894,NA,0.924446461685292,0.0705011919359058
0.338342477279335,0.924446461685292,NA,0.0610920718066676
0.160704729338935,0.0705011919359058,0.0610920718066676,NA
