"tdcs","neurocaps_mcr","neurocaps_ocr","tacs"
NA,0.593846663325214,0.458406645990468,0.0501988301332827
0.593846663325214,NA,0.810761644584202,0.206933689592601
0.458406645990468,0.810761644584202,NA,0.352595119605363
0.0501988301332827,0.206933689592601,0.352595119605363,NA
