"tdcs","neurocaps_mcr","neurocaps_ocr","tacs"
NA,0.432572949425633,0.427404417690613,0.0212168144028083
0.432572949425633,NA,0.199938866476825,0.173211056797724
0.427404417690613,0.199938866476825,NA,0.0138627385369283
0.0212168144028083,0.173211056797724,0.0138627385369283,NA
