"tdcs","neurocaps_mcr","neurocaps_ocr","tacs"
NA,0.530235305218557,0.692209292362743,0.142612672939615
0.530235305218557,NA,0.374062701462308,0.42014607440583
0.692209292362743,0.374062701462308,NA,0.107468978464359
0.142612672939615,0.42014607440583,0.107468978464359,NA
