"tdcs","neurocaps_mcr","neurocaps_ocr","tacs"
NA,0.245394502866567,0.420588290900279,0.701487785205668
0.245394502866567,NA,0.9106628128127,0.582150673758358
0.420588290900279,0.9106628128127,NA,0.706758077721874
0.701487785205668,0.582150673758358,0.706758077721874,NA
