"tdcs","neurocaps_mcr","neurocaps_ocr","tacs"
NA,1.16160860866299,0.805401331361064,0.383317844221751
1.16160860866299,NA,-0.112202574728723,-0.550250794449037
0.805401331361064,-0.112202574728723,NA,-0.376216259577462
0.383317844221751,-0.550250794449037,-0.376216259577462,NA
