"tdcs","neurocaps_mcr","neurocaps_ocr","tacs"
NA,0.723491114329157,2.4657736093842,2.74823955153204
0.723491114329157,NA,1.37562999030244,1.89632803596324
2.4657736093842,1.37562999030244,NA,0.797171586313375
2.74823955153204,1.89632803596324,0.797171586313375,NA
