"tdcs","neurocaps_mcr","neurocaps_ocr","tacs"
NA,0.173141361131421,0.980899517041965,-2.3842951656992
0.173141361131421,NA,0.741138606790776,-2.13214847847227
0.980899517041965,0.741138606790776,NA,-2.54483171613193
-2.3842951656992,-2.13214847847227,-2.54483171613193,NA
