"tdcs","neurocaps_mcr","neurocaps_ocr","tacs"
NA,-1.39684796494555,-0.693240259018364,-2.44212413427627
-1.39684796494555,NA,0.58547814648825,-0.998076123981319
-0.693240259018364,0.58547814648825,NA,-1.54484717732595
-2.44212413427627,-0.998076123981319,-1.54484717732595,NA
