"tdcs","neurocaps_mcr","neurocaps_ocr","tacs"
NA,-0.700284440174518,0.389385338394717,-2.22585911486894
-0.700284440174518,NA,0.872094017808055,-1.11581138921617
0.389385338394717,0.872094017808055,NA,-2.07389431040588
-2.22585911486894,-1.11581138921617,-2.07389431040588,NA
