"tdcs","neurocaps_mcr","neurocaps_ocr","tacs"
NA,1.22276313782943,-0.342107422434546,-1.8317153940861
1.22276313782943,NA,-1.21447692029627,-2.46281093373754
-0.342107422434546,-1.21447692029627,NA,-1.19070762039785
-1.8317153940861,-2.46281093373754,-1.19070762039785,NA
