"tdcs","neurocaps_mcr","neurocaps_ocr","tacs"
NA,-0.784796402992627,0.793641066988289,-2.30410385503869
-0.784796402992627,NA,1.28172575622384,-1.36195826441695
0.793641066988289,1.28172575622384,NA,-2.46080060708007
-2.30410385503869,-1.36195826441695,-2.46080060708007,NA
