"tdcs","neurocaps_mcr","neurocaps_ocr","tacs"
NA,1.22276313483711,-0.342107649937203,-1.83171488352809
1.22276313483711,NA,-1.21447749353231,-2.4628104477011
-0.342107649937203,-1.21447749353231,NA,-1.19070789601676
-1.83171488352809,-2.4628104477011,-1.19070789601676,NA
