"tdcs","neurocaps_mcr","neurocaps_ocr","tacs"
NA,0.314251312324713,0.00906459582451895,0.218615559293491
0.314251312324713,NA,-0.212396545274684,-0.0509583287452954
0.00906459582451895,-0.212396545274684,NA,0.154528340680687
0.218615559293491,-0.0509583287452954,0.154528340680687,NA
