"tdcs","neurocaps_mcr","neurocaps_ocr","tacs"
NA,-0.627646858074018,0.395858669818856,-1.46613073883918
-0.627646858074018,NA,0.888889067551461,-0.806167848625937
0.395858669818856,0.888889067551461,NA,-1.60967429950044
-1.46613073883918,-0.806167848625937,-1.60967429950044,NA
