"tdcs","neurocaps_mcr","neurocaps_ocr","tacs"
NA,0.712350923094574,0.796075975473122,1.47276232036425
0.712350923094574,NA,0.196234972991499,0.774360109270143
0.796075975473122,0.196234972991499,NA,0.513307750290086
1.47276232036425,0.774360109270143,0.513307750290086,NA
