"tdcs","neurocaps_mcr","neurocaps_ocr","tacs"
NA,0.0759886735852563,0.545560139954395,2.52454834905265
0.0759886735852563,NA,0.431949847952225,2.19022832265332
0.545560139954395,0.431949847952225,NA,1.56548253189718
2.52454834905265,2.19022832265332,1.56548253189718,NA
