"tdcs","neurocaps_mcr","neurocaps_ocr","tacs"
NA,1.9347464182154,1.00976031125082,1.23246622068098
1.9347464182154,NA,-0.788567014174873,-0.672663597744565
1.00976031125082,-0.788567014174873,NA,0.140562680387253
1.23246622068098,-0.672663597744565,0.140562680387253,NA
