"tdcs","neurocaps_mcr","neurocaps_ocr","tacs"
NA,1.16160856139011,0.805401041567776,0.383312886993529
1.16160856139011,NA,-0.112202543087293,-0.550245975003207
0.805401041567776,-0.112202543087293,NA,-0.376213637421695
0.383312886993529,-0.550245975003207,-0.376213637421695,NA
