"tdcs","neurocaps_mcr","neurocaps_ocr","tacs"
NA,0.157654948672664,-3.58323724047679,-3.62854595494454
0.157654948672664,NA,-2.81310188263807,-2.88585011300621
-3.58323724047679,-2.81310188263807,NA,-0.137117599341016
-3.62854595494454,-2.88585011300621,-0.137117599341016,NA
