"tdcs","neurocaps_mcr","neurocaps_ocr","tacs"
NA,2.53485321562199,1.09119007304724,-0.169765858260828
2.53485321562199,NA,-1.41608664752573,-2.4481921074618
1.09119007304724,-1.41608664752573,NA,-1.11949219530459
-0.169765858260828,-2.4481921074618,-1.11949219530459,NA
