"tdcs","neurocaps_mcr","neurocaps_ocr","tacs"
NA,-0.715797870616312,0.493477959670563,-2.13266368313821
-0.715797870616312,NA,0.97718679085801,-1.34087428666566
0.493477959670563,0.97718679085801,NA,-2.09672590499736
-2.13266368313821,-1.34087428666566,-2.09672590499736,NA
