"tdcs","neurocaps_mcr","neurocaps_ocr","tacs"
NA,0.777992357702972,0.198503469564016,2.71358902018393
0.777992357702972,NA,-0.369416415961325,1.64181390734997
0.198503469564016,-0.369416415961325,NA,1.76205361700076
2.71358902018393,1.64181390734997,1.76205361700076,NA
