"tdcs","neurocaps_mcr","neurocaps_ocr","tacs"
NA,-1.36784194056067,-0.697155431465036,-1.10796210050224
-1.36784194056067,NA,0.468328094654103,0.089240215540905
-0.697155431465036,0.468328094654103,NA,-0.345675350912725
-1.10796210050224,0.089240215540905,-0.345675350912725,NA
