"tdcs","neurocaps_mcr","neurocaps_ocr","tacs"
NA,-0.789830048679109,2.07569620262266,1.68057541393055
-0.789830048679109,NA,2.46231032963607,2.1387616975792
2.07569620262266,2.46231032963607,NA,-0.654685245180542
1.68057541393055,2.1387616975792,-0.654685245180542,NA
