"tdcs","neurocaps_mcr","neurocaps_ocr","tacs"
NA,2.21007588336533,0.393519269778547,1.60606575767664
2.21007588336533,NA,-1.5704732737586,-0.239002274206423
0.393519269778547,-1.5704732737586,NA,1.14472170199635
1.60606575767664,-0.239002274206423,1.14472170199635,NA
