"tdcs","neurocaps_mcr","neurocaps_ocr","tacs"
NA,0.862754950370073,0.957445430420112,-1.40270532305268
0.862754950370073,NA,0.0948342754404212,-1.80867704038703
0.957445430420112,0.0948342754404212,NA,-1.87282849476846
-1.40270532305268,-1.80867704038703,-1.87282849476846,NA
